com.google.android.youtube,YouTube
com.huizheng.wsyy,晚上有约
com.pdw.yw,因味美食
me.airtake,爱相机
tv.acfundanmaku.video,AcFun
cn.raventech.musicflow,乐流
com.ted.android,TED演讲
com.happyteam.dubbingshow,配音秀
com.lofter.android,LOFTER
com.molitvhd.android,魔力视频
com.cinema2345,2345影视大全
com.bugkr.beautyidea,最美创意
com.zhuoyou.constellation,九点星座
com.anzogame.game,DNF掌游宝
cn.pipi.mobile.pipiplayer,皮皮影视
com.nssoft.vplayer,全能影音先锋
cn.xiaochuankeji.tieba,最右
com.twyy.video,天王影音
com.wasu.wasuvideoplayer,华数TV
com.kingnez.umasou.app,食色
com.twyy.video,天王影音
com.wasu.wasuvideoplayer,华数TV
com.kingnez.umasou.app,食色
com.amex.lolvideostation,英雄联盟视频站
com.starsun.qianmingnet,艺术签名
com.letv.le123,影视大全
com.joeware.android.gpulumera,糖果照相机
com.evideo.MobileKTV,K米
com.jovetech.CloudSee.temp,云视通
com.cibn.tv,优酷CIBN高清影视
com.bt.searcher,种子看片
com.iafun.Tipix,Tipix
com.spotify.music,Spotify
com.demi.palette_copy,签名照相机
com.mobile.maze,快看
com.shiwan.android.lol,1006视频for英雄联盟
com.evy.guesswordv2,看图猜成语2
com.aipai.android_cf,CF原创视频站
com.baiwang.PhotoFeeling,Lidow
fm.radio2390.outline,收音机离线FM
com.cn.baoyi.babysong,宝宝音乐
us.pinguo.idcamera,最美证件照
com.jiuguo.app,玖果视频
com.vdongshi.xiyangjing,咔咔截屏录屏大师
com.cyberlink.youcammakeup,玩美彩妆
com.telecom.video.ikan4g,爱看4G
org.ajmd,阿基米德FM
com.melot.meshow,KK唱响
com.yyes.worddraw,足迹美图
dopool.player2,手机电视
com.baoyun.babycloud,口袋宝宝
com.zhan_dui.animetaste,AnimeTaste
com.funshion.videointegrator.mobile,风行影视大全
com.inzi.songpoem,宝宝学宋词
com.lightricks.facetune,脸部优化 Facetune
syj.youngfhsher,手机收音机
com.mobile17173.game,17173手游
com.karakal.ringtonemanager,天天铃音
com.baofeng.mj,暴风魔镜
com.draw.huapipi,画皮皮
com.xunlei.kankan.pad,迅雷看看HD
com.happybees.watermark,爱水印
com.imaginationstudionew,爱听360听书
com.huomaotv.mobile,火猫TV
com.baiwang.stylephotomirror,魔镜大师
com.jianut.bedworm,被窝声次元
com.gold.palm.kitchen,掌厨
com.carrotpop.www.smth,送我上西天
com.earth.imusic,铃声天地
com.mm.android.direct.gdmssphoneLite,gDMSS Lite
com.doubleTwist.androidPlayer,DoubleTwist
com.earth.imusic,铃声天地
com.mm.android.direct.gdmssphoneLite,gDMSS Lite
cn.kerwin.mobiletv,手机电视直播高清在线
com.by.babymusic,宝宝童谣
com.supers.cartooncamera,卡通漫画相机
com.inzi.fengshuijewel,风水大师
cn.net.pai8.camera,照相机2.0
com.mars.babycharacters,宝宝学汉字
com.game4lol,英雄联盟视频
com.dangbeimarket,当贝市场
com.by.baoyi.honeysong,宝宝学儿歌
com.dxt.strive,抢红包
com.qiyi.tv,爱奇艺TV
com.ztgame.dudu,嘟嘟（美女视频直播）
com.able.wisdomtree,智慧树
com.Dialoguemp3,CCTV相声大赛
com.yahoo.mobile.client.android.flickr,Flickr
com.seleven.Children_English,幼儿英语
com.baiwang.stylephotocollagelr,拼图神器
com.fuqi.camera,照照夫妻相
com.fzisen.app51zxw,我要自学网
com.hyuuhit.ilove,有情有趣
com.blackmm.facelift,美图整容秀秀
com.TheRingAndroid,铃声市场
net.muji.sleep.mujitosleep,睡眠节拍 MUJI to Relax 
com.ants360.yicamera,小蚁摄像机
com.elinkway.tvlive2.beta,电视家2.0尝鲜版
com.mofapp.play,先锋影音
com.luxuriantring,华丽铃声
com.txj.play.all,高清影视大全
com.ShenMa.Baby_English,宝宝学英语
com.flayvr.flayvr,MyRoll 智慧照片庫
com.cam001.crazyface,彩漫相机
com.jacky.shuxiang,十二生肖运势2015
com.shoujiduoduo.dj,DJ多多
com.jikexueyuan.geekacademy,极客学院
com.ovie.thesocialmovie,陪你看电影
com.iada.irings,铃声百分百
com.keerby.formatfact,格式工厂
com.screeclibinvoke,录屏大师
com.qiconstantin.filerec,照片恢复大师
com.waqu.android.general_guangchangwu,小苹果广场舞视频
com.gypsii.paopaoshow,抛吧
kx.hd.media.player,KX万能播放器
com.xiaomi.xy.sportscamera,小蚁运动相机
com.xunlei.downloadprovider.pad,迅雷HD
com.lgy.android.radio,手机万能播放器
com.imusic.iting,爱听4G
com.skyworth.skyclientcenter,电视派
com.skyworth.skyclientcenter,电视派
com.bluepin.KidsSamsungChina,匹尼的世界
com.herpar.androidcampus,Po校园
cn.kumi.android.album,儿童睡前故事大全
com.gangyun.camerabox,相机宝盒
com.video.Player.hotplayer,视频播放器
com.rednovo.weibo,微播美女视频聊天
com.usoft.anzhuobianshengqi,安卓变声器
com.mxtech.ffmpeg.v6_vfp,MX Player 解码包 (ARMv6 VFP)
com.shenma.tvlauncher,神马视频
com.anzogame.jl,剑灵掌游宝
com.appmagics.magics,哈图
com.luxtone.tuzi3,兔子视频
com.jun.sketch,ps素描手绘大师
com.fsti.mv,微视
com.hc.hulakorea,追啊
com.intotherain.face,丑脸评分
com.liba.android.meet, 生活纪录片
com.effectlizi.camera,粒子特效照相机
com.appwill.lockscreen,鲜柚桌面
com.dmzj.manhua,动漫之家
com.special.ThreadCCa,风影行车记录仪
com.vipercn.viper4android,ViPER4Android音效驱动
com.king.displaytest,金牌屏幕检测
cn.cmvideo.isj,和视界
cn.yoho.show,Show
com.zmodo.zsight.activity,智视
com.liba.video,高清视频播放器
com.zhly.tingshu.ccd,郭德纲相声
cn.missevan,MissEvan(M站)
cn.yoho.show,Show
com.zmodo.zsight.activity,智视
com.liba.video,高清视频播放器
com.zhly.tingshu.ccd,郭德纲相声
cn.missevan,MissEvan(M站)
tv.huohua.android.peach.korean,我爱韩剧
com.qinhe.ispeak,IS语音
com.seventeenmiles.sketch,素描大师
com.gangyun.makeup,美人妆
com.bobo.splayer,3D播播
com.qh.half,一半
com.melodis.midomiMusicIdentifier,搜歌小助手midomi
com.dressplus.dress,衣+
com.destiny.byzmnew,算命游戏大全
cn.bechtech.left_right_lock,左右锁屏
com.leduo.meibo,美播
net.luoo.FaceFM,emo音乐
com.kassor.miao,喵
com.mg.ringdroid,铃声剪辑
com.cutt.zhiyue.android.app279422,美图坊
com.zbx.ct.lolvideobox,英雄联盟视频盒子
com.ishehui.gd,饭团-GD
com.lz,ez Share易享派
com.waqu.android.vertical_hairstyle,扎头发视频
com.autoapp.pianostave,弹吧钢琴陪练
cn.quicktv.android,快看TV
com.p1.mobile.p1android,P1时尚社区
com.baoxue.player,暴雪影音
com.hoge.android.wuxiwireless,智慧无锡
think.nmqmq.vcbfbf10404.modelwandoujia,广场舞视频大全
com.waqu.android.vertical_hairstyle,扎头发视频
com.autoapp.pianostave,弹吧钢琴陪练
cn.quicktv.android,快看TV
com.p1.mobile.p1android,P1时尚社区
com.baoxue.player,暴雪影音
com.hoge.android.wuxiwireless,智慧无锡
think.nmqmq.vcbfbf10404.modelwandoujia,广场舞视频大全
com.venus.ringtonedaily,天天铃声
com.haomee.seer,赛尔号
com.hoge.android.jinan,无线济南手机台
com.xuetangx.mobile,学堂在线
com.baiyiqianxun.wanqua,玩儿去
cn.trackview.shentan,踪视通手机神探
com.iym.xhonline,笑话连篇
co.liuliu.liuliu,遛遛
vidon.me.player,威动播放器 HD
com.haowan.huabar,画吧
com.example.MobilePhotokx,照片快享
com.lge.media.lgpocketphoto,口袋相印机
com.iym.ringcut,铃声剪刀
com.onesoft.app.Tiiku.EJ,二级建造师考试
com.ablesky.ui.activity,能力课堂
com.kgdset.photovault,私密相册
com.mobile.ktv.chang,欢唱
org.wanmen.wanmenuni,万门大学
com.cdtv.app,看度
dje073.android.audiorecorder,超级录音器
com.yhd.accompanycube.ui,唱作魔方
com.odqoo.view,偶酷动画
wwface.android.parent,娃娃脸家长版
