com.csshooter.roadshoot,动作射击
ytnd.audiovideocutter,其它
com.ch7.android,休闲时间
com.datinggallery.mbf,except
my.app.kw2a,except
com.newandaddictivetopfreeadventuregames.snipermission,except
com.mobiletradeae,except
com.dream.gladiator.battle.glory,except
com.android.seven,扑克棋牌_其它
com.example.gruzovichkof_pult,except
com.disney.wmwlite,except
com.zfhjtztz.digital,except
air.numberskids,except
com.digitalclocksoft.musicplayer,except
com.kaminggi.belajarinstalkomputer,except
com.cyngn.screencast,except
com.h8i.feetandmetersconverter,except
org.failedprojects.anjaroot,其它
com.braingame.jewelsdeluxe,except
com.butterfly.zipperlock.lockscreen.locker,except
